{"initial_reset_timestamp": 1610220895.530589, "timestamps": [1610220897.7933686], "episode_lengths": [12], "episode_rewards": [12.0], "episode_types": ["t"]}